{"cameraMode":{"drawMode":0,"name":"Shaded","section":"Shading Mode"},"sceneLighting":true,"audioPlay":false,"sceneViewState":{"showFog":true,"showMaterialUpdate":true,"showSkybox":true,"showFlares":true,"showImageEffects":true,"showParticleSystems":true},"in2DMode":false,"pivot":{"x":34.82341003417969,"y":-14.902713775634766,"z":12.61003303527832},"rotation":{"x":0.16848598420619965,"y":0.6543015241622925,"z":-0.152855783700943,"w":0.7212053537368774},"size":57.497337341308597,"orthographic":false}