{"cameraMode":{"drawMode":0,"name":"Shaded","section":"Shading Mode"},"sceneLighting":true,"audioPlay":false,"sceneViewState":{"showFog":true,"showMaterialUpdate":true,"showSkybox":true,"showFlares":true,"showImageEffects":true,"showParticleSystems":true},"in2DMode":false,"pivot":{"x":3.137205123901367,"y":-12.355690002441407,"z":22.918502807617189},"rotation":{"x":0.3180798590183258,"y":-0.2622990608215332,"z":0.0920485332608223,"w":0.9063948392868042},"size":62.7314453125,"orthographic":false}