{"cameraMode":{"drawMode":0,"name":"Shaded","section":"Shading Mode"},"sceneLighting":true,"audioPlay":false,"sceneViewState":{"showFog":true,"showMaterialUpdate":true,"showSkybox":true,"showFlares":true,"showImageEffects":true,"showParticleSystems":true},"in2DMode":false,"pivot":{"x":-1.645552396774292,"y":-0.8882433176040649,"z":15.537069320678711},"rotation":{"x":0.11933082342147827,"y":0.3110344409942627,"z":-0.03939852863550186,"w":0.9420538544654846},"size":7.593820571899414,"orthographic":false}