{"cameraMode":{"drawMode":0,"name":"Shaded","section":"Shading Mode"},"sceneLighting":true,"audioPlay":false,"sceneViewState":{"showFog":true,"showMaterialUpdate":true,"showSkybox":true,"showFlares":true,"showImageEffects":true,"showParticleSystems":true},"in2DMode":false,"pivot":{"x":-5.997975826263428,"y":-3.342897415161133,"z":9.07326889038086},"rotation":{"x":-0.6584757566452026,"y":0.004964558873325586,"z":-0.004344103392213583,"w":-0.7525730133056641},"size":17.21451759338379,"orthographic":false}