{"cameraMode":{"drawMode":0,"name":"Shaded","section":"Shading Mode"},"sceneLighting":true,"audioPlay":false,"sceneViewState":{"showFog":true,"showMaterialUpdate":true,"showSkybox":true,"showFlares":true,"showImageEffects":true,"showParticleSystems":true},"in2DMode":false,"pivot":{"x":-10.611576080322266,"y":4.117001056671143,"z":4.113743782043457},"rotation":{"x":0.2171555459499359,"y":0.6577790975570679,"z":-0.2067253589630127,"w":0.6909665465354919},"size":11.059605598449707,"orthographic":false}