{"cameraMode":{"drawMode":0,"name":"Shaded","section":"Shading Mode"},"sceneLighting":true,"audioPlay":false,"sceneViewState":{"showFog":true,"showMaterialUpdate":true,"showSkybox":true,"showFlares":true,"showImageEffects":true,"showParticleSystems":true},"in2DMode":false,"pivot":{"x":-2.3950912952423097,"y":2.4503159523010256,"z":6.0092082023620609},"rotation":{"x":-0.05292932689189911,"y":0.7192651033401489,"z":-0.055134233087301257,"w":-0.6905189752578735},"size":3.926038980484009,"orthographic":false}