{"cameraMode":{"drawMode":0,"name":"Shaded","section":"Shading Mode"},"sceneLighting":true,"audioPlay":false,"sceneViewState":{"showFog":true,"showMaterialUpdate":true,"showSkybox":true,"showFlares":true,"showImageEffects":true,"showParticleSystems":true},"in2DMode":false,"pivot":{"x":-6.118681907653809,"y":-3.471278190612793,"z":6.729924201965332},"rotation":{"x":0.03335976228117943,"y":0.9489998817443848,"z":-0.2944987714290619,"w":0.10750287771224976},"size":21.508567810058595,"orthographic":false}