{"cameraMode":{"drawMode":0,"name":"Shaded","section":"Shading Mode"},"sceneLighting":true,"audioPlay":false,"sceneViewState":{"showFog":true,"showMaterialUpdate":true,"showSkybox":true,"showFlares":true,"showImageEffects":true,"showParticleSystems":true},"in2DMode":false,"pivot":{"x":3.0153329372406008,"y":-11.20439338684082,"z":-12.68952751159668},"rotation":{"x":0.38433828949928286,"y":-0.0063676233403384689,"z":0.002651135204359889,"w":0.9231666326522827},"size":33.527122497558597,"orthographic":false}