{"cameraMode":{"drawMode":0,"name":"Shaded","section":"Shading Mode"},"sceneLighting":true,"audioPlay":false,"sceneViewState":{"showFog":true,"showMaterialUpdate":true,"showSkybox":true,"showFlares":true,"showImageEffects":true,"showParticleSystems":true},"in2DMode":false,"pivot":{"x":-3.783966064453125,"y":2.097201108932495,"z":-0.5081883072853088},"rotation":{"x":0.1297203153371811,"y":0.6896519660949707,"z":-0.12763577699661256,"w":0.7009007930755615},"size":0.945234477519989,"orthographic":false}